Neighborhood,Price,Bedrooms,Bathrooms,House Size,Description
Green Oaks,"$800,000",3,2,"2,000 sqft","Nestled in Green Oaks, this eco-friendly haven features a 3-bedroom, 2-bathroom layout with solar panels and efficient insulation. Highlights include abundant natural light, hardwood floors, and an open-concept kitchen that leads to a lush backyard, embodying a sanctuary for eco-conscious living. The neighborhood of Green Oaks is celebrated for its vibrant and environmentally-aware community, boasting organic stores, community gardens, and convenient transit options, rendering it perfect for those prioritizing sustainability and community engagement."
Sunset Valley,"$750,000",4,3,"2,500 sqft","Located in the heart of Sunset Valley, this stunning 4-bedroom, 3-bathroom home offers a hint of luxury with sustainable living. Its high-efficiency appliances, LED lighting throughout, and large windows for passive solar heating make it an exemplary model of energy efficiency. The home's modern, airy layout is complemented by a spacious yard featuring native plants and a rainwater collection system. Sunset Valley is known for its active lifestyle, with plenty of parks, hiking trails, and a local farmers' market, making it ideal for those who love the outdoors and a strong sense of community."
Riverbend,"$950,000",5,4,"3,200 sqft","Experience grand living in the prestigious neighborhood of Riverbend with this 5-bedroom, 4-bathroom luxurious estate. Boasting a massive 3,200 sqft of living space, this home features smart home technology for energy management, a gourmet kitchen with energy-star appliances, and a beautifully landscaped garden that provides both beauty and privacy. Riverbend is renowned for its excellent schools, upscale dining, and shopping, combined with easy access to nature trails and water activities, offering an unparalleled living experience."
Maple Grove,"$650,000",3,2.5,"2,100 sqft","This charming property in Maple Grove presents a 3-bedroom, 2.5-bathroom home enveloped in greenery. It's built using sustainable materials, featuring bamboo flooring and non-toxic paint, ensuring a healthy living environment. Solar panels and a geothermal heating system reduce energy consumption. The vibrant Maple Grove community is family-friendly, with numerous parks, great schools, and a tight-knit community feel, making it a desirable location for those wishing to live harmoniously with nature."
Lakewood,"$1,200,000",4,3.5,"4,000 sqft","Nestle into luxury with this elegant 4-bedroom, 3.5-bathroom residence in Lakewood, where classical design meets modern sustainability. It includes a gourmet kitchen, a landscaped garden with a natural pool that uses plants for filtration, and a rooftop deck with solar panels. The house ensures a lower carbon footprint without compromising on style or comfort. Lakewood is known for its leafy streets, exclusive shops, and fine dining, blending upscale living with a commitment to green living."
Oceanview,"$850,000",3,2,"1,800 sqft","Capture the essence of coastal living in Oceanview with this stunning 3-bedroom, 2-bathroom home, steps away from the beach. It features an open floor plan with expansive windows for natural lighting and breathtaking views, energy-efficient designs including a solar hot water heater, and eco-friendly landscaping. Oceanview offers a relaxed lifestyle with its close-knit community, local seafood restaurants, and endless water activities, making it a paradise for those who love the sea and are conscious of their environmental impact."
Hilltop Haven,"$980,000",4,3,"3,000 sqft","Overlooking the city, Hilltop Haven offers a serene 4-bedroom, 3-bathroom home that marries luxury with sustainability. Its high position allows for passive cooling and heating, reducing reliance on artificial methods. The interior boasts recycled materials and a modern aesthetic. Hilltop Haven is ideal for those seeking a quiet retreat with the convenience of city living, offering breathtaking views, exclusive amenities, and a community dedicated to conserving its unique landscape."
Garden District,"$575,000",3,2,"2,200 sqft","In the Garden District, this delightful 3-bedroom, 2-bathroom home features a traditional design with modern, sustainable updates like rain gardens and a vegetable patch in its spacious backyard. With classic charm and solar-powered lighting, it presents a perfect blend of the past and the present. The Garden District is famous for its historical architecture, vibrant gardens, and active community associations, making it perfect for those who cherish community spirit and sustainable living."
Willow Creek,"$699,000",3,2.5,"2,300 sqft","This modern farmhouse in Willow Creek offers a refreshing 3-bedroom, 2.5-bathroom residence with a focus on sustainable living. It includes reclaimed wood features, efficient heating, and cooling systems, and a backyard designed for both entertainment and food production. Willow Creek is lauded for its rural charm, local food markets, and outdoor recreational activities, providing a balanced lifestyle for those who are eco-conscious and seek a connection with nature."
Lakeside Retreat,"$1,100,000",5,4,"3,800 sqft","Lakeside Retreat presents an opulent 5-bedroom, 4-bathroom waterfront home designed with environmental consideration. It features biophilic design principles to connect indoor spaces with the natural surroundings, high-efficiency water systems, and a private dock with environmentally-safe materials. The community around Lakeside Retreat is engaged in protecting the lake's natural beauty, offering activities like kayaking, bird watching, and community clean-up events, ideal for those who value luxury and are stewards of the environment."
Cedar Hills,"$850,000",4,3,"3,100 sqft","In the peaceful neighborhood of Cedar Hills, discover a 4-bedroom, 3-bathroom home that focuses on energy efficiency and a low carbon footprint with its solar panel array and drought-resistant landscaping. Inside, enjoy spacious, light-filled rooms with sustainable materials and a design that encourages airflow, reducing the need for air conditioning. Cedar Hills is known for its beautiful parks, excellent schools, and a community that values safety and environmental responsibility, making it great for families looking for a conscious lifestyle."
Arbor Heights,"$560,000",2,2,"1,200 sqft","This cozy, eco-friendly cottage in Arbor Heights proves that luxury comes in all sizes. With 2 bedrooms and 2 bathrooms, it features advanced insulation, a water recycling system, and a garden filled with native species. Arbor Heights is a haven for those who love community living, with regular social events, local artisan shops, and commitment to preserving the neighborhood's natural charm, offering a unique blend of community, convenience, and sustainability."
Pine Ridge,"$640,000",3,3,"2,400 sqft","Pine Ridge introduces a 3-bedroom, 3-bathroom home constructed with eco-conscious techniques and materials. It boasts an energy-efficient HVAC system, solar window coatings, and a kitchen with sustainably sourced cabinetry. The neighborhood of Pine Ridge is renowned for its trails and green spaces, community-centered lifestyle, and programs focused on environmental education, making it perfect for those who prioritize eco-friendly living and community involvement."
Briarwood,"$890,000",4,2.5,"3,000 sqft","This beautifully maintained 4-bedroom, 2.5-bathroom home in Briarwood combines elegance with ecological sensitivity. Featuring high-efficiency appliances, a well-crafted layout for natural light optimization, and a rainwater harvesting system, it represents a commitment to sustainable luxury. Briarwood is admired for its mature trees, winding streets, and active neighborhood association, offering a warm and welcoming community for those who desire suburban tranquility with an eco-conscious mindset."
Meadowbrook,"$465,000",3,2,"1,900 sqft","Meadowbrook's charming 3-bedroom, 2-bathroom home offers a welcoming, eco-friendly living space with its solar panel system, low-flow water fixtures, and a composting system. The property is surrounded by community gardens and walking paths, encouraging a lifestyle in tune with nature. With its friendly neighborhood vibe, local cafes, and emphasis on green initiatives, Meadowbrook is the perfect setting for individuals and families aspiring to a sustainable and community-focused way of life."
Silver Lake,"$1,250,000",5,3.5,"4,200 sqft","Silver Lake presents a stunning 5-bedroom, 3.5-bathroom custom-built home emphasizing sustainability without sacrificing luxury. From the geothermal heating system to the high-end, recycled material finishes, and a designed landscape that supports local wildlife, it creates a haven of efficiency and elegance. The Silver Lake community is vibrant, with arts and cultural events, organic markets, and initiatives supporting sustainability, making it an ideal locale for those who live consciously and crave creativity."
Ocean Breeze,"$980,000",4,3,"2,800 sqft","Just moments from the shore, this 4-bedroom, 3-bathroom home in Ocean Breeze offers the dream coastal lifestyle with a green twist. It features a modern, open layout with bamboo floors, a solar power system, and decks made from recycled materials, providing breathtaking views while being mindful of the planet. Ocean Breeze has a laid-back, environmentally conscious community, with local clean-up initiatives, surf schools, and organic cafes, perfect for those who want to blend relaxation with responsible living."
Harmony Hills,"$780,000",4,2.5,"3,600 sqft","Harmony Hills features a 4-bedroom, 2.5-bathroom home designed with family and sustainability in mind. Including a large, energy-efficient kitchen, a backyard oasis with native plants, and a design that maximizes natural heating and cooling, it offers a blend of comfort, style, and eco-awareness. The community in Harmony Hills is known for its excellent schools, parks, and a commitment to green initiatives, making it an ideal place for families seeking a vibrant, environmentally friendly lifestyle."
Sunrise Meadows,"$525,000",3,3,"2,200 sqft","Welcome to Sunrise Meadows, where this 3-bedroom, 3-bathroom home provides a modern, sustainable living environment with solar panels, a green roof, and a layout designed for maximum energy efficiency. Its eco-friendly approach is matched by the community's dedication to recycling programs, community vegetable gardens, and carpooling initiatives, making it a leader in sustainable suburban living."
Twilight Cove,"$690,000",3,2.5,"2,600 sqft","This architect-designed 3-bedroom, 2.5-bathroom home in Twilight Cove marries aesthetics with eco-consciousness. With features like a rainwater collection system, natural ventilation design, and energy-efficient lighting, it sets a new standard for green living. Twilight Cove is a community where residents value the outdoors, with multiple green spaces, waterfront activities, and neighborhood events focused on environmental wellness, catering to those who cherish a sustainable, active lifestyle."
